university_id,academic reputation rank,academic reputation score
1,22.0,98.5
2,,
3,,
4,,
5,133.0,55.1
6,,
7,,
8,14.0,99.4
9,,
10,,
11,480.0,17.6
12,,
13,501.0,12.7
14,501.0,13.6
15,497.0,16.6
16,,
17,281.0,29.8
18,371.0,22.6
19,139.0,54.1
20,,
21,40.0,91.1
22,,
23,,
24,,
25,,
26,,
27,467.0,18.0
28,447.0,18.7
29,,
30,,
31,273.0,30.9
32,292.0,28.7
33,178.0,43.9
34,3.0,100.0
35,135.0,54.6
36,321.0,25.8
37,487.0,17.1
38,140.0,54.0
39,179.0,43.7
40,,
41,377.0,22.2
42,483.0,17.3
43,39.0,91.8
44,,
45,,
46,,
47,,
48,148.0,51.9
49,,
50,53.0,86.8
51,17.0,99.1
52,147.0,52.0
53,310.0,27.0
54,,
55,,
56,,
57,194.0,42.0
58,313.0,26.4
59,16.0,99.2
60,,
61,,
62,,
63,,
64,74.0,75.5
65,444.0,18.9
66,,
67,500.0,16.5
68,,
69,164.0,48.4
70,10.0,99.9
71,,
72,125.0,58.7
73,,
74,,
75,,
76,122.0,59.7
77,,
78,117.0,60.2
79,,
80,249.0,33.9
81,,
82,,
83,,
84,365.0,22.8
85,105.0,64.3
86,350.0,24.3
87,,
88,138.0,54.5
89,,
90,406.0,20.2
91,200.0,41.2
92,387.0,21.4
93,496.0,16.7
94,352.0,24.2
95,389.0,21.3
96,247.0,34.1
97,,
98,,
99,,
100,472.0,17.8
101,21.0,98.5
102,,
103,,
104,,
105,,
106,,
107,,
108,49.0,88.3
109,492.0,17.0
110,,
111,455.0,18.5
112,,
113,,
114,,
115,294.0,28.6
116,,
117,228.0,36.6
118,,
119,112.0,61.4
120,301.0,28.0
121,167.0,46.5
122,283.0,29.3
123,,
124,,
125,,
126,464.0,18.1
127,,
128,405.0,20.3
129,,
130,336.0,24.9
131,24.0,98.1
132,95.0,68.1
133,299.0,28.3
134,,
135,269.0,31.3
136,451.0,18.6
137,,
138,,
139,113.0,61.1
140,,
141,289.0,28.9
142,,
143,,
144,130.0,56.0
145,,
146,,
147,,
148,,
149,,
150,260.0,32.4
151,501.0,11.7
152,57.0,85.2
153,,
154,,
155,,
156,123.0,59.7
157,184.0,43.4
158,,
159,,
160,111.0,61.5
161,186.0,43.2
162,,
163,,
164,,
165,474.0,17.8
166,,
167,427.0,19.6
168,345.0,24.5
169,,
170,13.0,99.4
171,363.0,23.3
172,,
173,501.0,13.2
174,384.0,21.6
175,2.0,100.0
176,,
177,,
178,28.0,97.1
179,109.0,62.0
180,,
181,101.0,66.3
182,501.0,6.4
183,,
184,361.0,23.4
185,,
186,,
187,,
188,,
189,,
190,248.0,34.0
191,,
192,,
193,413.0,20.0
194,33.0,95.3
195,34.0,94.0
196,,
197,,
198,237.0,34.9
199,287.0,29.0
200,420.0,19.9
201,,
202,15.0,99.3
203,382.0,21.7
204,501.0,9.6
205,,
206,,
207,342.0,24.7
208,262.0,32.0
209,,
210,,
211,335.0,24.9
212,328.0,25.3
213,379.0,21.9
214,229.0,36.5
215,,
216,6.0,100.0
217,,
218,,
219,,
220,357.0,23.7
221,,
222,501.0,5.0
223,96.0,67.1
224,206.0,40.0
225,,
226,,
227,,
228,459.0,18.3
229,366.0,22.7
230,,
231,,
232,190.0,42.8
233,,
234,501.0,16.0
235,501.0,11.2
236,,
237,203.0,40.9
238,327.0,25.3
239,23.0,98.2
240,,
241,311.0,26.9
242,,
243,,
244,205.0,40.6
245,348.0,24.4
246,199.0,41.3
247,,
248,,
249,31.0,95.8
250,,
251,239.0,34.7
252,,
253,87.0,70.0
254,501.0,5.0
255,409.0,20.1
256,221.0,37.6
257,308.0,27.2
258,242.0,34.5
259,,
260,471.0,17.9
261,501.0,15.0
262,,
263,,
264,,
265,,
266,50.0,88.2
267,501.0,14.1
268,,
269,,
270,,
271,,
272,,
273,275.0,30.8
274,476.0,17.7
275,482.0,17.3
276,368.0,22.6
277,,
278,,
279,,
280,177.0,44.2
281,,
282,128.0,58.0
283,106.0,63.6
284,171.0,45.6
285,47.0,88.9
286,202.0,41.0
287,227.0,36.9
288,,
289,404.0,20.3
290,,
291,132.0,55.3
292,,
293,150.0,51.3
294,,
295,,
296,175.0,44.7
297,,
298,498.0,16.6
299,351.0,24.2
300,,
301,489.0,17.0
302,,
303,,
304,149.0,51.9
305,37.0,92.3
306,288.0,28.9
307,501.0,9.8
308,410.0,20.1
309,5.0,100.0
310,,
311,163.0,48.7
312,,
313,493.0,16.8
314,,
315,437.0,19.3
316,86.0,70.2
317,393.0,20.9
318,,
319,,
320,501.0,9.9
321,,
322,,
323,,
324,,
325,180.0,43.6
326,187.0,43.1
327,241.0,34.6
328,,
329,,
330,,
331,,
332,244.0,34.4
333,,
334,146.0,52.6
335,,
336,252.0,33.5
337,,
338,270.0,31.2
339,,
340,,
341,,
342,,
343,81.0,73.3
344,18.0,98.9
345,,
346,201.0,41.2
347,,
348,60.0,84.7
349,,
350,,
351,501.0,15.9
352,155.0,50.5
353,326.0,25.4
354,,
355,332.0,25.1
356,,
357,,
358,,
359,,
360,486.0,17.1
361,42.0,90.1
362,220.0,37.6
363,,
364,302.0,27.9
365,,
366,261.0,32.3
367,501.0,9.3
368,473.0,17.8
369,,
370,,
371,58.0,85.1
372,,
373,182.0,43.4
374,,
375,,
376,,
377,291.0,28.8
378,,
379,501.0,6.7
380,,
381,,
382,411.0,20.1
383,4.0,100.0
384,309.0,27.1
385,388.0,21.3
386,312.0,26.8
387,,
388,501.0,10.7
389,,
390,501.0,16.5
391,225.0,37.2
392,,
393,231.0,36.1
394,61.0,83.8
395,374.0,22.5
396,501.0,12.6
397,,
398,,
399,501.0,13.5
400,424.0,19.8
401,,
402,,
403,,
404,126.0,58.6
405,,
406,,
407,,
408,501.0,6.0
409,29.0,97.0
410,,
411,,
412,11.0,99.7
413,141.0,53.9
414,442.0,19.0
415,,
416,,
417,430.0,19.6
418,501.0,15.7
419,,
420,,
421,,
422,,
423,,
424,,
425,,
426,143.0,53.7
427,372.0,22.5
428,355.0,23.8
429,422.0,19.8
430,,
431,,
432,364.0,23.1
433,89.0,69.3
434,358.0,23.6
435,,
436,333.0,25.0
437,290.0,28.8
438,501.0,11.7
439,145.0,53.0
440,,
441,156.0,50.4
442,,
443,274.0,30.9
444,92.0,68.8
445,431.0,19.6
446,,
447,,
448,277.0,30.4
449,208.0,39.7
450,,
451,,
452,360.0,23.5
453,,
454,204.0,40.7
455,,
456,501.0,14.8
457,154.0,50.6
458,453.0,18.5
459,271.0,31.0
460,48.0,88.6
461,173.0,45.1
462,349.0,24.4
463,,
464,66.0,80.6
465,,
466,445.0,18.8
467,,
468,,
469,172.0,45.3
470,127.0,58.1
471,,
472,435.0,19.4
473,,
474,161.0,49.2
475,88.0,69.3
476,501.0,10.7
477,174.0,44.9
478,501.0,12.2
479,375.0,22.4
480,7.0,100.0
481,499.0,16.6
482,501.0,4.7
483,,
484,,
485,,
486,,
487,501.0,13.7
488,226.0,37.0
489,501.0,13.5
490,,
491,,
492,152.0,50.9
493,,
494,,
495,,
496,,
497,,
498,429.0,19.6
499,,
500,,
501,136.0,54.6
502,185.0,43.3
503,,
504,,
505,189.0,42.9
506,,
507,,
508,,
509,,
510,,
511,77.0,74.3
512,219.0,38.2
513,501.0,8.8
514,238.0,34.8
515,,
516,,
517,,
518,,
519,212.0,39.2
520,,
521,297.0,28.4
522,,
523,340.0,24.7
524,324.0,25.5
525,108.0,62.3
526,102.0,66.0
527,501.0,3.9
528,,
529,443.0,19.0
530,103.0,65.3
531,,
532,75.0,75.2
533,438.0,19.3
534,,
535,,
536,460.0,18.3
537,276.0,30.6
538,,
539,198.0,41.7
540,27.0,97.4
541,,
542,,
543,,
544,116.0,60.2
545,339.0,24.8
546,63.0,82.5
547,501.0,12.9
548,257.0,33.0
549,501.0,8.6
550,,
551,,
552,,
553,,
554,501.0,13.8
555,192.0,42.6
556,80.0,73.3
557,233.0,35.6
558,,
559,114.0,60.8
560,157.0,50.2
561,,
562,,
563,501.0,13.6
564,,
565,,
566,,
567,396.0,20.7
568,426.0,19.7
569,54.0,86.7
570,267.0,31.4
571,176.0,44.3
572,,
573,317.0,26.1
574,501.0,9.9
575,,
576,,
577,,
578,,
579,501.0,11.4
580,414.0,20.0
581,,
582,,
583,,
584,,
585,,
586,440.0,19.1
587,,
588,,
589,78.0,74.1
590,68.0,80.1
591,,
592,153.0,50.6
593,446.0,18.8
594,83.0,72.8
595,417.0,20.0
596,400.0,20.4
597,,
598,243.0,34.4
599,,
600,,
601,478.0,17.6
602,259.0,32.7
603,285.0,29.2
604,398.0,20.6
605,402.0,20.4
606,,
607,501.0,9.6
608,,
609,,
610,407.0,20.2
611,501.0,11.5
612,,
613,344.0,24.6
614,,
615,,
616,468.0,18.0
617,,
618,,
619,481.0,17.5
620,142.0,53.8
621,469.0,17.9
622,501.0,13.4
623,,
624,,
625,,
626,,
627,394.0,20.8
628,501.0,11.9
629,,
630,501.0,11.9
631,90.0,69.2
632,432.0,19.5
633,,
634,415.0,20.0
635,,
636,,
637,501.0,5.5
638,,
639,,
640,,
641,144.0,53.1
642,,
643,434.0,19.4
644,,
645,,
646,159.0,49.5
647,,
648,98.0,66.6
649,20.0,98.6
650,104.0,64.4
651,318.0,26.0
652,,
653,69.0,79.6
654,,
655,121.0,59.9
656,,
657,,
658,,
659,,
660,,
661,67.0,80.4
662,,
663,,
664,255.0,33.3
665,45.0,89.8
666,501.0,15.5
667,501.0,8.1
668,,
669,265.0,31.6
670,,
671,323.0,25.5
672,,
673,272.0,31.0
674,,
675,,
676,,
677,,
678,,
679,,
680,162.0,49.0
681,222.0,37.5
682,,
683,,
684,,
685,,
686,381.0,21.7
687,,
688,,
689,,
690,,
691,403.0,20.3
692,,
693,,
694,307.0,27.5
695,94.0,68.3
696,,
697,8.0,100.0
698,385.0,21.5
699,,
700,495.0,16.7
701,,
702,,
703,423.0,19.8
704,,
705,151.0,50.9
706,501.0,7.9
707,457.0,18.3
708,,
709,,
710,279.0,30.0
711,,
712,,
713,501.0,16.2
714,224.0,37.3
715,,
716,501.0,15.0
717,,
718,73.0,75.5
719,,
720,,
721,245.0,34.3
722,,
723,501.0,14.7
724,188.0,43.0
725,367.0,22.7
726,1.0,100.0
727,93.0,68.7
728,501.0,9.2
729,501.0,8.9
730,,
731,,
732,428.0,19.6
733,,
734,,
735,,
736,,
737,491.0,17.0
738,,
739,,
740,501.0,15.7
741,399.0,20.6
742,450.0,18.6
743,65.0,80.9
744,,
745,,
746,,
747,325.0,25.5
748,,
749,,
750,477.0,17.7
751,293.0,28.6
752,,
753,56.0,85.6
754,334.0,25.0
755,,
756,137.0,54.6
757,,
758,,
759,305.0,27.7
760,501.0,12.8
761,449.0,18.6
762,211.0,39.4
763,,
764,,
765,479.0,17.6
766,397.0,20.7
767,,
768,,
769,107.0,63.5
770,,
771,170.0,46.0
772,,
773,,
774,,
775,,
776,,
777,,
778,,
779,501.0,10.1
780,501.0,4.4
781,,
782,501.0,11.0
783,,
784,436.0,19.3
785,501.0,11.1
786,99.0,66.4
787,,
788,,
789,253.0,33.5
790,501.0,14.9
791,,
792,,
793,64.0,82.3
794,401.0,20.4
795,456.0,18.4
796,,
797,,
798,,
799,51.0,87.7
800,,
801,304.0,27.7
802,356.0,23.8
803,,
804,,
805,,
806,501.0,13.2
807,,
808,501.0,6.5
809,391.0,21.0
810,501.0,14.2
811,,
812,,
813,84.0,70.7
814,353.0,24.0
815,,
816,,
817,501.0,15.1
818,268.0,31.3
819,501.0,6.3
820,91.0,69.2
821,501.0,4.7
822,266.0,31.5
823,183.0,43.4
824,,
825,,
826,341.0,24.7
827,232.0,35.9
828,,
829,52.0,87.4
830,26.0,97.9
831,41.0,90.3
832,395.0,20.8
833,100.0,66.3
834,,
835,,
836,,
837,439.0,19.3
838,,
839,,
840,218.0,38.3
841,,
842,,
843,165.0,48.0
844,300.0,28.3
845,38.0,91.9
846,,
847,,
848,,
849,,
850,501.0,11.2
851,,
852,,
853,,
854,,
855,412.0,20.1
856,,
857,306.0,27.7
858,,
859,,
860,,
861,,
862,,
863,501.0,12.2
864,115.0,60.7
865,376.0,22.4
866,,
867,,
868,,
869,501.0,12.7
870,,
871,,
872,425.0,19.7
873,286.0,29.0
874,319.0,26.0
875,,
876,378.0,22.0
877,,
878,418.0,19.9
879,,
880,,
881,,
882,501.0,2.8
883,,
884,501.0,11.7
885,166.0,47.4
886,250.0,33.7
887,421.0,19.9
888,120.0,60.0
889,,
890,,
891,,
892,,
893,70.0,78.4
894,,
895,,
896,,
897,320.0,25.9
898,,
899,71.0,77.3
900,,
901,,
902,36.0,92.9
903,,
904,485.0,17.2
905,316.0,26.2
906,,
907,,
908,72.0,75.8
909,380.0,21.8
910,383.0,21.6
911,,
912,,
913,,
914,296.0,28.6
915,197.0,41.7
916,,
917,501.0,9.1
918,,
919,118.0,60.1
920,,
921,501.0,14.7
922,,
923,,
924,,
925,501.0,15.0
926,46.0,89.0
927,,
928,,
929,,
930,230.0,36.3
931,264.0,31.8
932,217.0,38.3
933,501.0,3.8
934,,
935,337.0,24.8
936,461.0,18.2
937,466.0,18.1
938,,
939,501.0,11.4
940,,
941,,
942,448.0,18.7
943,,
944,258.0,32.9
945,295.0,28.6
946,314.0,26.3
947,,
948,,
949,,
950,359.0,23.5
951,,
952,97.0,67.0
953,,
954,,
955,223.0,37.4
956,254.0,33.4
957,462.0,18.2
958,,
959,,
960,392.0,21.0
961,,
962,,
963,452.0,18.5
964,,
965,346.0,24.5
966,,
967,134.0,55.1
968,,
969,322.0,25.6
970,331.0,25.2
971,501.0,11.9
972,263.0,31.8
973,,
974,501.0,7.6
975,236.0,35.0
976,343.0,24.7
977,501.0,7.0
978,,
979,44.0,89.8
980,,
981,,
982,,
983,,
984,,
985,43.0,90.0
986,370.0,22.6
987,,
988,,
989,490.0,17.0
990,475.0,17.8
991,354.0,23.9
992,501.0,15.0
993,246.0,34.1
994,315.0,26.2
995,210.0,39.6
996,501.0,16.4
997,,
998,,
999,191.0,42.6
1000,,
1001,251.0,33.6
1002,,
1003,,
1004,,
1005,463.0,18.2
1006,196.0,41.7
1007,240.0,34.6
1008,,
1009,,
1010,,
1011,,
1012,,
1013,213.0,38.9
1014,280.0,30.0
1015,,
1016,169.0,46.2
1017,216.0,38.3
1018,,
1019,,
1020,,
1021,,
1022,,
1023,,
1024,501.0,11.6
1025,,
1026,,
1027,501.0,5.3
1028,,
1029,458.0,18.3
1030,,
1031,,
1032,,
1033,362.0,23.4
1034,168.0,46.2
1035,,
1036,501.0,9.5
1037,79.0,73.9
1038,,
1039,501.0,13.5
1040,30.0,96.1
1041,,
1042,,
1043,,
1044,,
1045,,
1046,215.0,38.6
1047,19.0,98.7
1048,501.0,11.3
1049,,
1050,,
1051,59.0,84.9
1052,124.0,59.4
1053,,
1054,501.0,11.9
1055,,
1056,,
1057,,
1058,,
1059,,
1060,158.0,49.7
1061,,
1062,,
1063,,
1064,234.0,35.4
1065,,
1066,,
1067,501.0,8.6
1068,,
1069,501.0,10.2
1070,,
1071,131.0,55.5
1072,284.0,29.3
1073,55.0,85.9
1074,,
1075,,
1076,35.0,93.3
1077,373.0,22.5
1078,,
1079,,
1080,,
1081,,
1082,,
1083,,
1084,,
1085,470.0,17.9
1086,347.0,24.4
1087,25.0,98.0
1088,441.0,19.1
1089,501.0,9.8
1090,,
1091,235.0,35.1
1092,62.0,83.4
1093,,
1094,82.0,73.0
1095,,
1096,181.0,43.6
1097,,
1098,501.0,14.7
1099,,
1100,209.0,39.6
1101,,
1102,,
1103,,
1104,256.0,33.0
1105,,
1106,,
1107,,
1108,110.0,61.5
1109,329.0,25.3
1110,501.0,11.5
1111,501.0,15.5
1112,408.0,20.2
1113,,
1114,,
1115,,
1116,,
1117,484.0,17.2
1118,85.0,70.6
1119,,
1120,214.0,38.8
1121,,
1122,76.0,74.9
1123,32.0,95.6
1124,,
1125,,
1126,,
1127,330.0,25.3
1128,278.0,30.2
1129,9.0,99.9
1130,494.0,16.8
1131,,
1132,,
1133,129.0,57.1
1134,501.0,15.8
1135,,
1136,,
1137,,
1138,160.0,49.5
1139,501.0,15.1
1140,298.0,28.4
1141,,
1142,454.0,18.5
1143,501.0,11.6
1144,119.0,60.0
1145,416.0,20.0
1146,488.0,17.1
1147,,
